FrameNo,FrustrationEvidence
0,0.14570593833923298
1,0.0286521315574646
2,0.042749285697937005
3,
4,
5,0.11860418319702101
6,-0.18409168720245403
7,0.08655089139938352
8,0.0120944380760193
9,-0.00221222639083862
10,-0.199626564979553
11,-0.22265911102294897
12,0.134288907051086
13,0.0795380473136902
14,0.15087592601776098
15,0.186004519462585
16,0.10862648487091099
17,0.0
18,0.0274261832237244
19,0.15415143966674802
20,0.10664284229278599
21,0.053954780101776116
22,0.17737728357315102
23,-0.17186975479126002
24,0.0118356347084045
25,0.156056761741638
26,0.23293209075927693
27,0.2494824528694151
28,0.132965743541718
29,0.16930752992629997
30,0.129925131797791
31,0.160675764083862
32,-0.11895161867141699
33,-0.05364102125167851
34,-0.308606028556824
35,-0.07179218530654909
36,0.11905831098556499
37,0.17816960811615004
38,-0.436583399772644
39,-0.17825734615325894
40,-0.393939852714539
41,-0.008379578590393068
42,0.0453256368637085
43,0.040151536464691204
44,0.0811324119567871
45,0.01838618516922
46,0.0571264028549194
47,0.036586582660675
48,-0.13960242271423298
49,-0.029923677444458004
50,0.05571717023849489
51,-0.156872153282166
52,0.021020293235778805
53,-0.4009780883789059
54,-0.260832667350769
55,-0.167517304420471
56,-0.15130525827407798
57,0.0348071455955505
58,0.07159066200256349
59,-0.03418564796447749
60,0.0606871247291565
61,-0.03439116477966309
62,-0.114236056804657
63,-0.06543445587158202
64,-0.18937659263610798
65,-0.16563832759857197
66,-0.054384291172027595
67,-0.012033462524414102
68,-0.238839507102966
69,-0.23217463493347207
70,0.0156158208847046
71,-0.06599700450897218
72,-0.0939534306526184
73,-0.011529028415679902
74,-0.312862753868103
75,-0.19921159744262695
76,-0.3170772790908812
77,-0.456161975860596
78,-0.0981565117835999
79,-0.163120031356812
80,-0.133599698543549
81,0.00017267465591430705
82,0.0244444012641907
83,0.09843045473098751
84,0.10274809598922699
85,-0.0671139359474182
86,-0.116850197315216
87,-0.021180152893066403
88,-0.8881716272410228
89,
90,
91,
92,-0.25493896007537803
93,-0.0972655415534973
94,-0.207436203956604
95,-0.2225341796875
96,-0.111098170280457
97,-0.19250035285949701
98,-0.280497670173645
99,-0.292782068252563
100,-0.27186310291290294
101,-0.2748935222625729
102,-0.198935866355896
103,-0.156771063804626
104,-0.225423216819763
105,-0.24586808681487998
106,-0.17690455913543698
107,0.0771095752716064
108,-0.34517824649810797
109,-0.26546406745910606
110,-0.220062375068665
111,-0.270689845085144
112,-0.300930500030518
113,-0.36575186252594
114,-0.211028575897217
115,-0.14521265029907202
116,-0.238072037696838
117,-0.10657513141632101
118,-0.229524374008179
119,-0.21448481082916296
120,-0.253216147422791
121,-0.24377715587616
122,-0.352801203727722
123,-0.00186127424240112
124,-0.3218111991882321
125,-0.5640512704849241
126,-0.36611950397491505
127,-0.387018084526062
128,-0.44062018394470204
129,-0.459437370300293
130,-0.273591041564941
131,-0.33383214473724393
132,-0.284206867218018
133,-0.18452513217926023
134,-0.6086981296539309
135,
136,
137,
138,
139,
140,
141,-0.0446962714195251
142,-0.544967293739319
143,-0.458430647850037
144,-0.26321268081665
145,-0.331005692481995
146,-0.07280397415161131
147,-0.16999769210815402
148,-0.030114829540252692
149,0.0020950436592102107
150,-0.33020067214965804
151,-0.267182350158691
152,-0.315955400466919
153,-0.356096982955933
154,-0.372789859771729
155,-0.25159478187561
156,-0.217194199562073
157,-0.10365933179855301
158,-0.4152129888534551
159,-0.40067207813262895
160,-0.18107616901397694
161,-0.350522398948669
162,-0.194428443908691
163,-0.149962842464447
164,-0.6452832221984861
165,-0.4505565166473389
166,-0.2085703611373901
167,-0.117284297943115
168,-0.5352195501327511
169,-0.27408838272094693
170,-0.4695066213607789
171,-0.21634674072265597
172,-0.21839451789855996
173,-0.474628329277039
174,-0.581075429916382
175,-0.4945383071899411
176,-0.3710193634033199
177,-0.214769244194031
178,-0.5753291845321661
179,-0.3513226509094239
180,-0.424095630645752
181,-0.434913158416748
182,-0.44571709632873513
183,-0.33348703384399403
184,-0.28888189792633095
185,-0.45968782901763905
186,-0.5196626186370851
187,-0.31011569499969494
188,-0.31610906124114996
189,-0.4279938936233521
190,-0.4282853603363038
191,-0.0772693157196045
192,-0.12155413627624503
193,-0.35938847064971907
194,-0.0432010293006897
195,-0.3746994733810421
196,-0.367119073867798
197,-0.502541542053223
198,-0.439720034599304
199,-0.304014801979065
200,-0.33531093597412104
201,-0.43746995925903315
202,-0.342535853385925
203,-0.18309092521667492
204,-0.483975887298584
205,-0.4688199758529661
206,-0.34309554100036616
207,-0.17339432239532498
208,-0.498270273208618
209,-0.45060229301452603
210,-0.365913987159729
211,-0.317009329795837
212,-0.25521492958068803
213,-0.485418796539307
214,-0.3653382062911989
215,-0.223006010055542
216,-0.1708382368087769
217,-0.514843463897705
218,-0.577053070068359
219,-0.44053673744201705
220,-0.116016805171967
221,0.0667046308517456
222,-0.21316254138946494
223,-0.22457623481750494
224,-0.23878633975982705
225,-0.20619583129882796
226,-0.19525074958801297
227,-0.3311303853988651
228,-0.38522481918335
229,-0.45078134536743203
230,-0.363415241241455
231,-0.377603650093079
232,-0.795895218849182
233,-0.32090616226196295
234,-0.468539118766785
235,-0.2797305583953861
236,0.0190567374229431
237,-0.13695996999740598
238,-0.08902621269226073
239,-0.15194404125213598
240,-0.21378135681152302
241,-0.1952564716339111
242,-0.3265222311019901
243,-0.344637274742126
244,-0.46557843685150113
245,-0.32547211647033697
246,-0.435912132263184
247,-0.0622825026512146
248,-0.34730839729309093
249,-0.2984336614608761
250,-0.33769965171814004
251,-0.294282197952271
252,-0.42314910888671886
253,-0.335382342338562
254,-0.40745186805725103
255,-0.32142567634582503
256,-0.285529971122742
257,-0.298032999038696
258,-0.40872991085052496
259,-0.14677006006240803
260,-0.33278310298919705
261,-0.182440519332886
262,-0.180562734603882
263,-0.295727968215942
264,-0.389858603477478
265,-0.4182606935501099
266,-0.283071160316467
267,-0.267304539680481
268,-0.192980051040649
269,-0.450114727020264
270,-0.5025299787521361
271,-0.17303776741027804
272,-0.17609155178070104
273,-0.28419601917266807
274,-0.224233865737915
275,-0.37967598438262895
276,-0.45088875293731695
277,-0.46097457408904996
278,-0.407480001449585
279,-0.30349862575531
280,-0.2974073886871339
281,-0.499442338943481
282,-0.3617295026779169
283,-0.497651338577271
284,-0.23749482631683305
285,-0.155292391777039
286,-0.496487379074097
287,-0.483953833580017
288,-0.505615472793579
289,-0.255154252052307
290,-0.30705451965332003
291,-0.43614459037780795
292,-0.339181542396545
293,-0.5571454763412478
294,-0.580682635307312
295,-0.40608119964599604
296,-0.38810229301452603
297,-0.35493361949920704
298,-0.166125774383545
299,-0.17972242832183802
300,-0.257262229919434
301,-0.175919890403748
302,-0.2740733623504639
303,-0.2365388870239261
304,-0.3028768301010131
305,-0.22337508201599102
306,-0.46382868289947504
307,-0.21455240249633795
308,-0.22269344329834
309,-0.21806490421295205
310,-0.25947630405426
311,-0.30417275428772006
312,-0.331151008605957
313,-0.3580329418182371
314,-0.301348447799683
315,-0.622249960899353
316,-0.3494374752044679
317,-0.23697447776794395
318,-0.19854283332824701
319,-0.5868693590164179
320,-0.430736064910889
321,-0.400566697120667
322,-0.380420804023743
323,-0.40483856201171886
324,-0.5198528766632079
325,-0.466562628746033
326,-0.6795657873153689
327,-0.5359138250350951
328,-0.583267569541931
329,-0.49307072162628207
330,-0.5657670497894288
331,-0.4788846969604491
332,-0.598754525184631
333,-0.584266066551209
334,-0.39274489879608204
335,-0.408024787902832
336,-0.6614748239517211
337,-0.28669106960296603
338,-0.536191463470459
339,-0.7281272411346439
340,-0.4695382118225099
341,-0.6667160987854002
342,-0.7075570821762093
343,-0.687098264694214
344,-0.6577382087707521
345,-0.5960246324539178
346,-0.45344483852386497
347,-1.2441090345382704
348,-0.495009899139404
349,-0.641662359237671
350,-0.5450966358184811
351,-0.627155900001526
352,-0.4228364229202271
353,-0.721860527992249
354,-0.5635594129562379
355,-0.573050618171692
356,-0.6866110563278199
357,-0.6197075843811042
358,-0.665724754333496
359,-0.636163592338562
360,-0.632616639137268
361,-0.541820406913757
362,-0.5823475122451781
363,-0.500171661376953
364,-0.4045614004135131
365,-0.7072218656539918
366,-0.6974979639053341
367,-0.517817616462708
368,-0.543156385421753
369,-0.42678093910217296
370,-0.714815020561218
371,-0.7110109329223632
372,-1.02714014053345
373,-1.03627908229828
374,-0.7560905218124391
375,-0.537516832351685
376,-0.635802984237671
377,-0.6031581163406371
378,-0.5224281549453738
379,-0.434260368347168
380,-0.35794687271118203
381,-0.5015932321548461
382,-0.980291485786438
383,-0.6514514684677121
384,-0.501681089401245
385,-0.484238743782043
386,-0.4983996152877809
387,-0.5758800506591799
388,-0.354352474212646
389,-0.330553650856018
390,-0.319113373756409
391,-0.4063777923583979
392,-0.315381765365601
393,-0.672536373138428
394,-0.46486449241638195
395,-0.5226176977157589
396,-0.5211732387542722
397,-0.48231995105743397
398,-0.4442380666732789
399,-0.396781206130981
400,-0.5286476612091061
401,-0.6316052675247191
402,-0.6911728382110598
403,-0.5638684034347529
404,-0.540746927261353
405,-0.6957484483718871
406,-0.5904620885849
407,-0.65655517578125
408,-0.686613917350769
409,-0.5665478706359861
410,-0.5721763372421259
411,-0.7986671924591059
412,-0.754600167274475
413,-0.6677937507629388
414,-0.7299811840057372
415,-0.6539506912231452
416,-0.552039861679077
417,-0.7143837213516239
418,-0.5164561271667479
419,-0.5431478023529052
420,-0.359609484672546
421,-0.626119613647461
422,-0.547559380531311
423,-0.30444288253784196
424,-0.2716070413589481
425,-0.45692539215087896
426,-0.38831710815429693
427,-0.171018838882446
428,-0.5755317211151122
429,-0.712009906768799
430,-0.473698735237122
431,-1.02503740787506
432,-0.9384461641311647
433,-0.74970805644989
434,-0.680292844772339
435,-0.4990078210830689
436,-0.5122051239013671
437,-0.6618671417236329
438,-0.559668779373169
439,-0.6815016269683839
440,-0.5493257045745851
441,-0.5513908863067628
442,-0.610348343849182
443,-0.5754626989364622
444,-0.5646290779113771
445,-0.433088183403015
446,-0.515888094902039
447,-0.6439502239227288
448,
449,
450,
451,
452,-0.211929559707642
453,-0.37802636623382607
454,-0.293358206748962
455,-0.34153199195861805
456,-0.436336755752563
457,-0.325790286064148
458,-0.2999191284179691
459,-0.4164005517959589
460,-0.4884368181228639
461,-0.481392502784729
462,-0.46909558773040794
463,-0.56627357006073
464,-0.19962823390960702
465,-0.138456225395203
466,-0.439945578575134
467,-0.6881239414215091
468,-0.7040500640869141
469,-0.5758224725723269
470,-0.543668627738953
471,-0.494370102882385
472,-0.47509169578552213
473,-0.5276533365249629
474,-0.544092893600464
475,-0.5975385904312132
476,-0.44009256362915
477,-0.4618682861328131
478,-0.685084700584412
479,-0.299530029296875
480,-0.25258779525756797
481,-0.6183677911758422
482,-0.6710203886032099
483,-0.553400278091431
484,-0.8448013067245481
485,-1.1646109819412198
486,-0.881311297416687
487,-1.02651810646057
488,
489,-0.98238730430603
490,-0.8092122077941892
491,-0.9630064964294431
492,-0.45522844791412387
493,-0.8398205041885378
494,-0.91555380821228
495,-1.01053130626678
496,-0.8830046653747561
497,-0.804898500442505
498,-0.9708348512649538
499,-1.08260095119476
500,-1.13208544254303
501,-1.6146963834762604
502,-1.3408550024032597
503,-1.5220333337783798
504,-1.30834376811981
505,-1.3590501546859701
506,-1.51519334316254
507,-1.34315121173859
508,-2.2326737642288204
509,-2.0577346086502097
510,-1.64655864238739
511,-1.6121479272842405
512,-1.75135123729706
513,-2.3025652170181297
514,-2.39012920856476
515,-1.8843837976455695
516,-2.267158389091491
517,-0.8109608888626101
518,-1.4766570329666102
519,-1.65383875370026
520,-2.8167127370834395
521,-1.7311893701553303
522,-1.1277318000793497
523,-1.6601952314376798
524,-1.70150578022003
525,-1.6466106176376305
526,-1.50968778133392
527,-2.2302178144454996
528,-1.9408518075942995
529,-2.8660680055618295
530,-0.762593626976013
531,-2.00029051303864
532,-2.3272036314010593
533,-2.5540896654128997
534,-2.2472151517868
535,-2.1302264928817705
536,-2.8312042951583902
537,-2.90427577495575
538,-2.4258989095687897
539,-2.28048121929169
540,-2.2085701227188106
541,-1.97923314571381
542,-1.5919209718704201
543,-3.2130910158157304
544,-3.12375009059906
545,-0.24113750457763689
546,-2.13895213603973
547,-0.6995391845703128
548,-1.12328255176544
549,-0.7072523832321169
550,-1.1263465881347698
551,-1.5876423120498704
552,-0.8371461629867553
553,-0.8952051401138308
554,-0.8012723922729491
555,-0.78832745552063
556,-0.59552800655365
557,-0.76231837272644
558,-0.5665698051452639
559,-0.705618143081665
560,-0.5832242965698241
561,-0.5465786457061769
562,-0.5293002128601072
563,-0.689950704574585
564,-0.9887723922729492
565,-0.6977323293685911
566,-0.812180161476135
567,-0.68859851360321
568,-1.13230156898499
569,-1.0683829784393297
570,-1.1482552289962802
571,-1.1313879489898704
572,-1.06784093379974
573,
574,-1.30575215816498
575,-1.1745644807815603
576,-1.1617614030838
577,-1.46407902240753
578,-1.06405007839203
579,-1.7438529729843102
580,-1.9510744810104401
581,-0.9825711250305178
582,-0.8491225242614748
583,-1.0560272932052597
584,-1.2957102060318
585,-1.04858660697937
586,-0.984123229980469
587,-1.0198432207107502
588,-1.52302610874176
589,-1.32670986652374
590,-1.03064298629761
591,-1.02765309810638
592,-0.9571691751480101
593,-0.7000844478607179
594,-0.9595725536346437
595,-0.6350873708724979
596,-0.512763738632202
597,-0.520491600036621
598,-0.8754336833953861
599,-0.8191819190979002
600,-0.8677679300308229
601,-0.5416886806488039
602,-0.7581275701522829
603,-0.852352499961853
604,-1.45372378826141
605,-1.2435382604599
606,-0.7492394447326659
607,-0.5801930427551271
608,-0.8777083158493041
609,-0.665940284729004
610,-0.676376104354858
611,-0.7360055446624758
612,-0.832777261734009
613,-0.7368512153625489
614,-0.7028795480728149
615,-0.6447535753250121
616,-0.6721317768096922
617,-0.42113864421844494
618,-0.6499053239822389
619,-0.544205665588379
620,-0.578798532485962
621,-0.578565955162048
622,-0.688492178916931
623,-0.5721911191940309
624,-0.5257384777069091
625,-0.7851054668426509
626,-0.630666732788086
627,-0.7925598621368409
628,-0.560301184654236
629,-0.9586261510849001
630,-0.897452235221863
631,-0.554279923439026
632,-0.784757375717163
633,-0.5400749444961549
634,-0.590662717819214
635,-0.4511178731918341
636,-0.533259630203247
637,-0.5232253074645999
638,-0.48624956607818615
639,-0.567347288131714
640,-0.649368405342102
641,-0.680819153785706
642,-0.7333232164382932
643,-0.6560343503952029
644,-0.668410301208496
645,-0.4550288915634161
646,-0.752464890480042
647,-0.49296700954437284
648,-0.2760146856307981
649,-0.5248373746871949
650,-0.43358469009399403
651,-0.605340838432312
652,-0.4106241464614869
653,-0.46568226814270014
654,-0.434332370758057
655,-0.50702965259552
656,-0.562430739402771
657,-0.45154559612274203
658,-0.417120456695557
659,-0.5435839891433719
660,-0.5212944746017459
661,-0.6454910039901731
662,-0.6730406284332279
663,-0.4733694791793822
664,-0.6604350805282592
665,-0.598369002342224
666,-0.7457423210144041
667,-0.8699584007263182
668,-0.8319468498229979
669,-0.5147371292114259
670,-0.8317819833755491
671,-0.997336745262146
672,-1.00719308853149
673,-0.7242712974548341
674,-0.462251543998718
675,-0.53478991985321
676,-0.610687255859375
677,-0.641187310218811
678,-0.5230940580368041
679,-0.5855417251586912
680,-0.5833072662353521
681,-0.638388752937317
682,-0.596386194229126
683,-0.546039462089539
684,-1.16682136058807
685,-0.6780352592468261
686,-0.5959404706954959
687,-0.7410511970520021
688,-1.0913237333297698
689,-0.6339470148086549
690,-0.5013608932495119
691,-0.645222306251526
692,-0.98265540599823
693,-1.6779977083206197
694,-0.692894577980042
695,-0.643510103225708
696,-0.591469168663025
697,-0.879754066467285
698,-0.53646981716156
699,-0.7026346921920779
700,-0.9528534412384031
701,-0.8149482011795043
702,-1.02511441707611
703,-1.2630478143692
704,-1.2474976778030398
705,-1.605894684791561
706,-1.4283317327499403
707,-1.4806710481643697
708,-1.27192795276642
709,-0.9751068353652952
710,-1.0162361860275302
711,-1.08694231510162
712,-1.8854035139083896
713,-1.8382810354232797
714,-0.7114744186401368
715,-0.537721991539001
716,-0.2994681596755981
717,-0.25038611888885504
718,-0.33657026290893605
719,-0.0941726565361023
720,-0.031129062175750698
721,-0.0499829053878784
722,-0.3705718517303472
723,-0.28688108921051
724,-0.44581329822540294
725,-0.3327747583389279
726,-0.444657206535339
727,-0.497037172317505
728,-0.593762993812561
729,-0.36798524856567394
730,-0.35652816295623796
731,-0.5156166553497311
732,-0.46863210201263394
733,-0.583981990814209
734,-0.42444050312042203
735,-0.4492675065994261
736,-1.1519318819046
737,-0.460782766342163
738,-0.458402156829834
739,-0.30388295650482205
740,-0.40069162845611606
741,-0.314878940582275
742,-0.372807860374451
743,-0.48217844963073725
744,-0.24877917766571
745,-0.459800720214844
746,-0.389703869819641
747,-0.371713638305664
748,-0.595867156982422
749,-0.428532361984253
750,-0.38694322109222407
751,-0.483069777488709
752,-1.1481900215148897
753,-0.9744027853012092
754,-0.5690178871154791
755,-0.4930205345153809
756,-0.4292985200881959
757,-0.6957640647888181
758,-0.510400295257568
759,-0.802609324455261
760,-0.710026025772095
761,-0.511402249336243
762,-0.703139901161194
763,-0.592579960823059
764,-0.713230490684509
765,-0.631025314331055
766,-0.43895387649536105
767,-0.584183931350708
768,-0.7023422718048099
769,-0.42663180828094494
770,-0.6196163892745971
771,-0.3945516347885129
772,-0.521484613418579
773,-0.40488243103027294
774,-0.647937297821045
775,-0.473536372184753
776,-0.4940245151519779
777,-0.6325944662094118
778,-0.5403791666030879
779,-0.5212587118148801
780,-0.469088315963745
781,-0.627403378486633
782,-0.5150189399719239
783,-0.5844466686248779
784,-0.5795844793319701
785,-0.7852156162261961
786,-0.36974120140075695
787,-0.3316449366117778
788,0.03394091129302979
789,-0.10037946701049802
790,0.8402212094515561
791,-0.056405842304229695
792,-0.140517890453339
793,-0.03909093141555791
794,0.8434227851685139
795,-0.13071942329406697
796,-0.12501382827758808
797,-0.052236676216125495
798,0.0498009920120239
799,0.5702099204063421
800,0.844916625181213
801,0.11292207241058302
802,-0.2996046543121339
803,0.0666821599006653
804,-0.273200035095215
805,-0.250221133232117
806,-0.23357522487640395
807,-0.3589683771133422
808,-0.2201197147369381
809,-0.24362349510192896
810,-0.2512658834457401
811,0.32220435142517095
812,-0.309205174446106
813,-0.112651407718658
814,-0.21356511116027793
815,-0.19575405120849604
816,-0.121566236019135
817,-0.21478283405304
818,-0.28416085243225103
819,-0.21523153781890897
820,-0.2025409936904911
821,-0.116664350032806
822,-0.35083436965942394
823,-0.723982572555542
824,0.8306857608258723
825,-0.07012885808944701
826,-0.33524692058563194
827,-0.270288228988647
828,-0.253905773162842
829,-0.07551300525665282
830,1.03699892759323
831,0.930037893354893
832,1.04187777638435
833,-0.561613202095032
834,-0.6263521909713746
835,-0.08552944660186769
836,-0.21767640113830605
837,-0.108562469482422
838,-0.228633880615234
839,-0.22907316684722898
840,-0.254473209381104
841,0.6822171211242678
842,-0.29381489753723106
843,-0.4032694101333621
844,0.7310675382614141
845,-0.260668158531189
846,-0.40818822383880604
847,-0.547993183135986
848,-0.38434374332428
849,-0.43690931797027593
850,-0.5349048376083372
851,-0.23513245582580605
852,-0.260971188545227
853,-0.23790025711059604
854,-0.266788840293884
855,-0.258277535438538
856,-0.238138198852539
857,0.13416785001754802
858,-0.206435084342957
859,-0.197833895683289
860,-0.12617164850235
861,-0.12691569328308103
862,-0.19940567016601604
863,-0.118863523006439
864,-0.140888214111328
865,-0.07027989625930789
866,0.0273975133895874
867,-0.40278398990631104
868,0.7060679644346239
869,0.6391133069992071
870,0.7849840819835661
871,0.754940241575241
872,0.9488727152347562
873,0.737338528037071
874,-0.360517621040344
875,0.5436429381370538
876,-0.400719285011292
877,0.680838882923126
878,-0.0424574613571167
879,-0.0958525538444519
880,-0.23594057559967
881,0.902562353760004
882,-0.6098686456680299
883,-0.36229944229126
884,-0.15741670131683302
885,-0.16742646694183302
886,-0.30199933052062994
887,-0.0712078809738159
888,-0.22343039512634302
889,-0.04644381999969481
890,-0.0684248208999634
891,-0.29436588287353505
892,-0.4022948741912841
893,-0.28543758392333995
894,-0.23510026931762695
895,-0.38290822505950894
896,-0.15886449813842798
897,-0.15509116649627702
898,-0.19297158718109103
899,-0.115843772888184
900,-0.170588612556458
901,-0.0211409330368042
902,-0.197686910629272
903,-0.182523131370544
904,-0.1869796514511111
905,-0.5881774425506591
906,-0.0968616008758545
907,-0.07565194368362428
908,-0.6361528635025022
909,-0.10783487558364896
910,0.028557538986206103
911,-0.148388147354126
912,-0.4066448211669921
913,-0.377819657325745
914,-0.30961513519287104
915,-0.18411290645599407
916,-0.005317330360412599
917,0.051297068595886224
918,-0.302095174789429
919,
920,-0.23864531517028803
921,-0.346377015113831
922,-0.302078247070313
923,-0.23070037364959695
924,-0.33064591884613
925,-0.0720111727714539
926,-0.192172050476074
927,-0.12092816829681398
928,-0.18002176284789995
929,-0.11345762014389
930,-0.0209087133407593
931,-0.17051196098327598
932,-0.16535794734954795
933,-0.061113715171814
934,-0.761083483695984
935,0.770403176546097
936,0.944264404475689
937,-0.117281973361969
938,0.19737279415130604
939,-0.18255972862243694
940,-0.22349894046783397
941,-0.150162279605865
942,-0.20105803012847895
943,-0.0989567041397095
944,-0.0471003651618958
945,-0.124786853790283
946,-0.10851371288299602
947,-0.20491361618041998
948,-0.06835192441940309
949,-0.14878648519516
950,-0.11979109048843403
951,-0.067879319190979
952,-0.237063050270081
953,-0.10746622085571304
954,-0.30216586589813205
955,-0.5675246715545649
956,-0.06167393922805791
957,-0.20488440990448
958,-0.169002890586853
959,-0.249727010726929
960,-0.19183480739593495
961,-0.13479220867157002
962,-0.7941865921020509
963,-0.490691900253296
964,-0.035094141960143994
965,-0.221903920173645
966,0.9452841132879258
967,1.0764711350202598
968,-0.20162558555603002
969,-0.12951695919036904
970,1.06296995282173
971,-0.19713795185089109
972,0.7158228158950808
973,-0.18667471408843997
974,0.539538472890854
975,0.7848161421716212
976,0.6003750860691071
977,-0.5869311094284059
978,-0.6167582273483279
979,-0.366822123527527
980,-0.469318509101868
981,0.4196235537528991
982,-0.32999539375305204
983,0.06684744358062741
984,-0.30082845687866205
985,-0.35223400592804
986,0.7115073055028921
987,-0.08979356288909911
988,-0.34033715724945096
989,-0.554586172103882
990,-0.34276688098907504
991,-0.41150426864624007
992,0.717613250017166
993,-0.416546106338501
994,-0.29964375495910606
995,-0.34570634365081804
996,-0.368961691856384
997,-0.3348520994186401
998,-0.311191916465759
999,-0.2746144533157349
1000,-0.424733996391296
1001,-0.30642187595367404
1002,-0.21739351749420208
1003,1.06961432099342
1004,-0.568770408630371
1005,-0.128755509853363
1006,-0.132196128368378
1007,-0.20438766479492204
1008,-0.170133590698242
1009,-0.273080229759216
1010,0.7179883867502211
1011,0.6456665247678759
1012,-0.3922935724258422
1013,0.545491278171539
1014,-0.4239842891693121
1015,-0.4212230443954469
1016,-0.474910974502563
1017,0.9348743036389352
1018,1.0281358808279
1019,-0.31852579116821295
1020,-0.321046471595764
1021,-0.34784722328185996
1022,-0.37815690040588396
1023,-0.332529425621033
1024,-0.293566703796387
1025,-0.4032039642333979
1026,
1027,-0.315435290336609
1028,-0.23387837409973103
1029,-0.204274654388428
1030,-0.169198632240295
1031,-0.176350951194763
1032,-0.164877772331238
1033,-0.11909288167953501
1034,0.706631407141685
1035,-0.128884077072144
1036,-0.17096459865570096
1037,0.9040193222463129
1038,-0.151110172271729
1039,0.7465179711580279
1040,0.7270690128207209
1041,-0.25155854225158697
1042,-0.353291273117065
1043,-0.8013654947280883
1044,0.6396089792251588
1045,1.0552326589822802
1046,1.1840001344680802
1047,-0.23933780193328896
1048,-0.41764676570892306
1049,-0.24637305736541698
1050,-0.042895555496215806
1051,-0.15302067995071392
1052,-0.144240498542786
1053,-0.05044525861740111
1054,-0.046758592128753704
1055,-0.0958019495010376
1056,-0.19657230377197307
1057,0.7716304436326029
1058,-0.22931241989135703
1059,-0.27482187747955306
1060,-0.324960827827454
1061,-0.43413734436035206
1062,0.577799081802368
1063,-0.269769430160522
1064,-0.45619237422943104
1065,-0.750004172325134
1066,-0.4476646184921261
1067,-0.47747147083282504
1068,-0.42879784107208296
1069,-0.0481403470039368
1070,-0.364810109138489
1071,
1072,-0.25507199764251703
1073,-0.31741869449615506
1074,-0.41430616378784185
1075,0.627413272857666
1076,-0.54806387424469
1077,0.45403951406478893
1078,-0.44213056564331105
1079,-0.30282986164093006
1080,-0.45370614528656
1081,-0.411048889160156
1082,-0.5155997276306151
1083,-0.230569958686829
1084,-0.240053415298462
1085,1.2293055653572098
1086,-0.26524078845977794
1087,0.07110512256622312
1088,1.16927337646484
1089,0.830382527783513
1090,-0.268866300582886
1091,-0.7120726108551031
1092,0.7385326251387598
1093,-0.2697762250900269
1094,1.0023987442255
1095,-0.218069076538086
1096,-0.37412583827972407
1097,-0.30661308765411405
1098,-0.360988616943359
1099,-0.40814721584320096
1100,-0.5124465227127079
1101,-0.25763785839080805
1102,-0.1988676786422731
1103,0.0626285672187805
1104,0.777156539261341
1105,-0.540207743644714
1106,-0.483949184417725
1107,-0.6313810348510741
1108,0.9419346004724501
1109,0.732594035565853
1110,0.4635836482048033
1111,0.4080473780632021
1112,
1113,
1114,-0.5117686986923219
1115,-0.5335988998413089
1116,-0.483104586601257
1117,-0.574549674987793
1118,-0.534714102745056
1119,-0.44459450244903603
1120,-0.482571244239807
1121,-0.4827951192855841
1122,-0.4034000635147089
1123,-0.46414792537689203
1124,-0.5095995664596559
1125,-0.65028703212738
1126,-0.782212138175964
1127,-0.5640099048614501
1128,-0.28655850887298595
1129,0.5008370578289031
1130,-0.4693496227264402
1131,-0.3994559049606321
1132,-0.5103272199630738
1133,-1.0465949773788503
1134,-0.45340895652771
1135,0.523796647787094
1136,-0.646182417869568
1137,0.6957110762596129
1138,-0.270994663238525
1139,-0.466749548912048
1140,-0.5022884607315061
1141,-0.4972432851791381
1142,-0.502309799194336
1143,-0.6032739877700811
1144,-0.5733911991119379
1145,-0.6558936834335329
1146,-0.45494949817657493
1147,-0.523854970932007
1148,-0.46559596061706504
1149,-0.388980865478516
1150,-0.604297041893005
1151,-0.293841958045959
1152,-0.37654638290405296
1153,-0.343549609184265
1154,-0.5604918003082281
1155,-0.36128401756286616
1156,-0.615439534187317
1157,-0.5735459327697751
1158,0.48730129003524786
1159,-0.422164916992188
1160,-0.339812159538269
1161,0.23054742813110402
1162,-1.0128055810928303
1163,-0.27351748943328896
1164,1.1911834478378298
1165,1.19581627845764
1166,-0.418028593063354
1167,-0.279822707176209
1168,-0.23133409023284907
1169,0.640888199210167
1170,0.5580324232578279
1171,-0.681102991104126
1172,-0.6958671808242799
1173,0.538013607263565
1174,-0.7717217206954959
1175,-0.7677637338638308
1176,0.6186469048261639
1177,-0.5492830276489259
1178,-0.604454159736633
1179,0.6181930005550378
1180,-0.31368398666381797
1181,-0.69403874874115
1182,-0.698249578475952
1183,-0.5268207788467411
1184,-0.529940962791443
1185,0.668922185897827
1186,-0.496801495552063
1187,-0.619817495346069
1188,-0.5888720750808721
1189,-0.49339461326599116
1190,-0.5637446641921998
1191,-0.5087753534317019
1192,-0.56969940662384
1193,-0.61763858795166
1194,-0.4906939268112181
1195,-0.559187650680542
1196,-0.348919272422791
1197,-0.5921900272369378
1198,-0.688193082809448
1199,-0.5736695528030401
1200,-0.5946731567382811
1201,-0.4439396858215331
1202,-0.4811758995056151
1203,-0.26384162902832003
1204,-0.39411699771881104
1205,-0.5055240392684939
1206,-0.41722548007965093
1207,-0.303145170211792
1208,-0.28395175933837896
1209,-0.569486975669861
1210,-0.588581681251526
1211,-0.465861082077026
1212,-0.5557208061218261
1213,-0.351386547088623
1214,-0.438144326210022
1215,-0.412798285484314
1216,-0.489759087562561
1217,-0.30320334434509305
1218,-0.38315200805664096
1219,-0.4849998950958251
1220,-0.314149856567383
1221,-0.5084948539733889
1222,-0.5660887956619262
1223,-0.373442411422729
1224,-0.365824937820435
1225,-0.4074605703353881
1226,-0.408413052558899
1227,-0.7934367656707758
1228,-0.5193709135055541
1229,-0.3957170248031621
1230,-0.3989254236221312
1231,-0.509122490882874
1232,-0.403931975364685
1233,-0.535122513771057
1234,-0.5932196378707889
1235,0.7418631762266159
1236,-0.603238582611084
1237,-0.6401627063751221
1238,-0.5610549449920649
1239,0.14872068166732805
1240,-0.513838768005371
1241,-0.47233211994171104
1242,-0.5877386331558229
1243,0.7277104631066321
1244,-0.327724933624268
1245,0.9104181304574012
1246,-0.868070960044861
1247,-0.4566147327423098
1248,0.934999644756317
1249,0.7433772906661031
1250,-0.404847621917725
1251,-0.388933181762695
1252,-0.4479094743728639
1253,-0.345966219902039
1254,-0.3653967380523681
1255,-0.32973325252533
1256,-0.317145466804504
1257,-0.4044768810272221
1258,0.7489757835865021
1259,0.012704074382781998
1260,-0.4104187488555909
1261,-0.4171397686004639
1262,-0.39534604549408
1263,-0.48085618019104
1264,-0.4265401363372801
1265,-0.28514146804809604
1266,-0.4583200216293341
1267,-0.36269211769104
1268,-0.521966576576233
1269,-0.443972229957581
1270,0.576180100440979
1271,-0.534229278564453
1272,-0.43896090984344494
1273,-0.656037449836731
1274,0.702063769102097
1275,0.697631493210793
1276,0.7045936584472658
1277,0.7400784716010091
1278,0.701946347951889
1279,0.627166971564293
1280,-0.501492738723755
1281,-0.4743014574050902
1282,-0.42690002918243397
1283,-0.31311881542205805
1284,0.791905131191015
1285,0.588580161333084
1286,-0.33417654037475597
1287,-0.377224206924438
1288,0.67814889550209
1289,1.02346156537533
1290,0.6564452946186071
1291,0.6539774984121322
1292,0.6127095818519591
1293,0.698435857892036
1294,0.48947560787200894
1295,0.7328105866909028
1296,0.792270116508007
1297,0.68565908074379
1298,0.737802267074585
1299,-0.3661472797393801
1300,-0.490978717803955
1301,0.6639597266912459
1302,0.23888343572616588
1303,-0.6384828090667718
1304,0.6202839165925981
1305,0.6367940306663512
1306,0.602391198277473
1307,0.5791240632534028
1308,-0.6599776744842529
1309,0.17587655782699604
1310,0.307260155677795
1311,0.345195412635803
1312,0.7749982401728629
1313,0.432847231626511
1314,-0.42421603202819813
1315,0.9587832987308501
1316,0.74773907661438
1317,0.9642025306820871
1318,0.97488234937191
1319,-0.359126091003418
1320,0.9711460620164872
1321,0.7492805048823359
1322,0.6522396653890611
1323,0.028073072433471704
1324,0.2698966264724731
1325,0.619206801056862
1326,-0.3743948936462401
1327,-0.506511092185974
1328,0.5552521646022799
1329,0.5267192125320429
1330,0.4516042172908781
1331,0.7417888715863229
1332,0.561233639717102
1333,0.6854225397109991
1334,0.7672768905758859
1335,0.5158897936344149
1336,-0.7359333038330079
1337,0.7896383106708529
1338,0.7474994957447051
1339,0.7000605314970021
1340,0.9206370338797571
1341,0.5995677858591079
1342,-0.43780553340911876
1343,1.16281098127365
1344,0.6806189864873889
1345,0.8433901399839671
1346,0.44891762733459484
1347,-0.3874485492706301
1348,0.32457679510116605
1349,0.6585894376039512
1350,0.5525895953178411
1351,-0.4865604639053339
1352,0.753077559173107
1353,0.722367584705353
1354,-0.391803383827209
1355,0.7439604923129081
1356,0.6739000529050829
1357,0.467781126499176
1358,0.4186340272426611
1359,0.38352182507515004
1360,-0.840646028518677
1361,-0.42413794994354215
1362,0.720094323158264
1363,-0.30421829223632807
1364,0.552213430404663
1365,0.7780935168266299
1366,0.7308546528220179
1367,0.801645200699568
1368,0.690143942832947
1369,0.6976824849843979
1370,0.8495614803396172
1371,0.6639681756496429
1372,0.5889999866485602
1373,0.7152900099754331
1374,0.6429606080055238
1375,0.6988137066364289
1376,0.5699182748794561
1377,0.46860286593437206
1378,0.5868386328220369
1379,0.202046275138855
1380,-0.678214550018311
1381,0.2364282011985779
1382,-0.28629910945892306
1383,0.444676756858826
1384,1.0919418483972498
1385,1.03586608171463
1386,0.7499591037631032
1387,-0.541620969772339
1388,-0.4908357858657841
1389,-0.3775777816772461
1390,-0.636099934577942
1391,0.606707572937012
1392,0.710566192865372
1393,0.464598923921585
1394,0.5289770364761351
1395,0.575205355882645
1396,0.6719604879617691
1397,-0.36391639709472706
1398,0.5686175227165221
1399,0.6914546489715578
1400,0.6934399902820589
1401,0.5385697185993189
1402,-0.20856964588165305
1403,-0.230222702026367
1404,-0.4023199081420899
1405,-0.3062938451766971
1406,-0.285593748092651
1407,0.45092940330505377
1408,0.431899458169937
1409,-0.5744104385375979
1410,-0.507992386817932
1411,-0.606722593307495
1412,-0.394109010696411
1413,-0.46332526206970204
1414,-0.531188130378723
1415,-0.453513503074646
1416,0.6525196731090551
1417,0.610644266009331
1418,0.608746826648712
1419,-0.235199093818665
1420,0.47879445552825894
1421,0.49813482165336603
1422,0.591480165719986
1423,-0.35026240348815907
1424,-0.415172696113586
1425,0.570780485868454
1426,0.478974312543869
1427,-0.286946415901184
1428,-0.43466067314147894
1429,0.321939706802368
1430,-0.437732458114624
1431,-0.164207696914673
1432,-0.277276396751404
1433,-0.30103373527526894
1434,-0.324878573417664
1435,-0.331729173660278
1436,0.5786182582378389
1437,-0.22515571117401106
1438,-0.31058883666992193
1439,-0.4842500686645509
1440,-0.339320182800293
1441,-0.373913168907166
1442,-0.29831552505493203
1443,-0.226718544960022
1444,-0.234019994735718
1445,-0.36851811408996593
1446,-0.621979594230652
1447,-0.49298894405365
1448,-0.4751485586166381
1449,-0.6225515604019172
1450,-0.581360101699829
1451,-0.740140557289124
1452,0.640437752008438
1453,-0.5058715343475341
1454,-0.425447940826416
1455,-0.37759685516357405
1456,-0.2651523351669311
1457,-0.408753395080566
1458,-0.4813499450683591
1459,-0.24037432670593306
1460,0.898657195270061
1461,-0.34945893287658697
1462,-0.4171154499053961
1463,-0.49409174919128407
1464,-0.4543652534484862
1465,-0.42528390884399403
1466,-0.433321475982666
1467,-0.5228228569030761
1468,-0.3646539449691771
1469,-0.356442332267761
1470,-0.43576443195343006
1471,-0.36248028278350797
1472,-0.35770761966705295
1473,-0.37078285217285206
1474,-0.3118199110031132
1475,-0.262366771697998
1476,-0.364787578582764
1477,-0.22719776630401609
1478,-0.30928635597229
1479,-0.289442777633667
1480,-0.15736973285675002
1481,-0.337621212005615
1482,-0.28285503387451205
1483,-0.25584721565246593
1484,-0.27205300331115684
1485,-0.3174998760223389
1486,-0.19199883937835704
1487,-0.303484916687012
1488,-0.28047728538513195
1489,-0.384750366210938
1490,-0.28744566440582303
1491,-0.3614380359649659
1492,-0.44483482837677
1493,-0.655481934547424
1494,-0.5438668727874759
1495,0.49693334102630604
1496,-0.345195174217224
1497,-0.3974851369857789
1498,-0.436208009719849
1499,-0.3969480991363529
1500,-0.41849637031555187
1501,-0.21251177787780806
1502,-0.322571516036987
1503,-0.389525413513184
1504,-0.393677830696106
1505,-0.166512131690979
1506,-0.158269166946411
1507,-0.33879959583282504
1508,-0.427300095558167
1509,-0.39807796478271495
1510,-0.47869920730590815
1511,-0.3757588863372802
1512,-0.654510498046875
1513,-0.280979633331299
1514,-0.265975713729858
1515,-0.6096956729888922
1516,-0.638005971908569
1517,-0.160555243492126
1518,-0.2629485130310059
1519,
1520,
1521,-0.348184585571289
1522,-0.5206974744796751
1523,-0.261979460716248
1524,-0.3320869207382199
1525,-0.38225066661834706
1526,-0.160816073417664
1527,-0.3945835828781129
1528,-0.244661927223206
1529,-0.2731233835220341
1530,-0.399492859840393
1531,-0.35259020328521706
1532,-0.299065351486206
1533,0.25432574748992903
1534,-0.3371903896331788
1535,-0.307398796081543
1536,-0.23040032386779796
1537,-0.173734903335571
1538,-0.13923060894012498
1539,-0.23173582553863495
1540,-0.584607362747192
1541,-0.33496701717376703
1542,-0.18626260757446297
1543,-0.23261153697967502
1544,0.471290528774261
1545,-0.40620279312133795
1546,-0.277345538139343
1547,0.0459596514701843
1548,-0.641904354095459
1549,-0.5589232444763181
1550,-0.560691475868225
1551,-0.39173746109008795
1552,-0.4495686292648318
1553,-0.463201642036438
1554,-0.516735196113586
1555,-0.6777255535125731
1556,-0.542912244796753
1557,-0.6855878829956051
1558,-0.44767975807189897
1559,-0.38334214687347407
1560,-0.40162789821624795
1561,-0.4436335563659669
1562,-0.45926451683044395
1563,-0.5741690397262572
1564,-0.5745778083801271
1565,-0.30004322528839106
1566,-0.298303484916687
1567,-0.0235047936439514
1568,-0.24063324928283697
1569,-0.327371001243591
1570,-0.23099434375762895
1571,-0.18079113960266108
1572,-0.30103981494903603
1573,-0.27465260028839106
1574,-0.39669573307037403
1575,-0.413576483726501
1576,-0.9833359718322753
1577,-0.5099289417266849
1578,-0.23256254196166998
1579,-0.360655307769775
1580,-0.635200262069702
1581,-0.446103453636169
1582,0.5054373145103449
1583,-0.47830283641815197
1584,-0.533590316772461
1585,-0.32182240486145003
1586,-0.531564116477966
1587,-0.5364071130752561
1588,-0.400102019309998
1589,-0.77370548248291
1590,-0.14182740449905398
1591,-0.29177021980285606
1592,0.060330152511596694
1593,-0.5659252405166629
1594,-0.423849105834961
1595,-0.8245134353637699
1596,0.4702263474464419
1597,-0.0993874669075012
1598,1.0331442654132803
1599,0.8457649464253338
1600,0.9339324980974198
1601,0.859528070315719
1602,0.18748068809509305
1603,0.05686193704605102
1604,0.15514236688613897
1605,0.306818902492523
1606,0.18595558404922502
1607,0.160758912563324
1608,0.09693878889083861
1609,0.0379940867424011
1610,-0.241764783859253
1611,-0.36895143985748297
1612,-0.0887826681137085
1613,0.07587796449661252
1614,-0.42702674865722723
1615,-0.5627237558364869
1616,0.10205936431884802
1617,-0.101326525211334
1618,-0.0256311893463135
1619,0.008762955665588379
1620,-0.12049031257629397
1621,0.0695952177047729
1622,-0.10132503509521498
1623,-0.0753596425056458
1624,-0.11448240280151403
1625,-0.05378329753875732
1626,-0.12218290567398099
1627,0.12922400236129802
1628,-0.127034604549408
1629,-0.143792867660522
1630,-0.371216893196106
1631,0.26368796825408897
1632,0.048046827316284194
1633,-0.163760781288147
1634,-0.271067380905151
1635,-0.107668876647949
1636,-0.0104924440383911
1637,0.11549651622772197
1638,-0.3052501678466801
1639,-0.214564323425293
1640,0.0165093541145325
1641,-0.291558504104614
1642,-0.288494944572449
1643,-0.36287009716033897
1644,-0.43818759918212896
1645,-0.104647696018219
1646,-0.291584849357605
1647,-0.33179569244384804
1648,-0.27912831306457503
1649,-0.254459500312805
1650,-0.403280258178711
1651,-0.180408120155334
1652,-0.36466503143310497
1653,-0.202298521995544
1654,0.7458314299583442
1655,-0.14062505960464497
1656,-0.07339131832122801
1657,-0.270062804222107
1658,-0.23259234428405806
1659,-0.13270586729049702
1660,-0.10908699035644502
1661,-0.115596175193787
1662,-0.116097033023834
1663,-0.23423433303833002
1664,0.236249983310699
1665,0.09441328048706053
1666,-0.21489930152893108
1667,-0.17624056339263894
1668,-0.43181145191192616
1669,-0.4078093767166139
1670,-0.206348776817322
1671,-0.323854327201843
1672,-0.20691967010497997
1673,-0.06235158443450929
1674,-0.15331196784973097
1675,-0.364921927452087
1676,-0.103620707988739
1677,0.267549335956573
1678,1.1746187806129498
1679,0.0352823138237
1680,0.03541415929794311
1681,-0.058240115642547594
1682,-0.21790289878845198
1683,-0.37133455276489297
1684,-0.2686213254928589
1685,-0.48587727546691906
1686,-0.5002926588058471
1687,-0.48487544059753407
1688,-0.7782238721847531
1689,-0.8688232898712159
1690,-0.9911472797393801
1691,-0.916452407836914
1692,-0.8211681842803956
1693,-1.23800623416901
1694,-0.788343906402588
1695,-0.5318366289138791
1696,-0.9444578886032102
1697,-0.962254166603088
1698,-1.0111221075058
1699,-1.1492822170257602
1700,-1.18481934070587
1701,-1.1875222921371498
1702,-1.07850825786591
1703,-0.8810153007507322
1704,-0.786709427833557
1705,-0.9031152725219729
1706,-0.777439475059509
1707,-0.556806564331055
1708,-0.406148791313171
1709,-0.634570121765137
1710,-0.820282578468323
1711,-0.9395484924316408
1712,-0.8530403375625608
1713,-0.796228289604187
1714,-0.804468512535095
1715,0.27802354097366305
1716,0.38115450739860496
1717,0.5040823221206671
1718,0.5934728384017939
1719,1.12194842100143
1720,0.11698430776596093
1721,0.8838285505771639
1722,0.385629773139954
1723,0.37976628541946406
1724,0.6139748841524119
1725,0.348189294338226
1726,0.635271713137627
1727,0.389157980680466
1728,0.281984627246857
1729,0.15048706531524694
1730,0.20733243227005002
1731,0.30628138780593905
1732,1.29113221168518
1733,0.7223985642194749
1734,0.6659424602985381
1735,0.7546319738030429
1736,0.6865147352218629
1737,0.7021943777799611
1738,0.46054282784461986
1739,1.0803906023502299
1740,0.8536485391668978
1741,0.8775203693658111
1742,0.400311529636383
1743,0.455465167760849
1744,0.651620343327522
1745,0.43100222945213307
1746,0.32176029682159407
1747,0.16405832767486597
1748,0.11930859088897702
